INSERT INTO activities (id, name, category, description, price, duration, image, rating, reviews, level, what_to_expect, session_flow, after_session)
VALUES
  ('art-jamming', 'Art Jamming', 'Painting', 'Express your creativity on canvas with guidance.', 45, '2 hours', 'https://blgtzrznellrbuptcogs.supabase.co/storage/v1/object/public/activity_images/art_jamming.jpg', 4.8, 120, 'Beginner', '["Guided session by instructor", "All materials provided", "Take home artwork"]'::jsonb, '["Choose your canvas", "Follow guided steps", "Free painting time"]'::jsonb, '["Dry your artwork", "Take photos", "Bring home your creation"]'::jsonb),
  ('oil-painting', 'Oil Painting', 'Painting', 'Learn oil painting techniques with professionals.', 60, '3 hours', 'https://blgtzrznellrbuptcogs.supabase.co/storage/v1/object/public/activity_images/oil_painting.jpg', 4.7, 95, 'Intermediate', '["Learn oil blending techniques", "Step-by-step guidance", "Premium materials included"]'::jsonb, '["Introduction to oil paints", "Guided painting session", "Free expression phase"]'::jsonb, '["Artwork drying session", "Instructor feedback", "Take home your painting"]'::jsonb),
  ('acrylic-painting', 'Acrylic Painting', 'Painting', 'Fun and vibrant acrylic painting session.', 40, '2 hours', 'https://blgtzrznellrbuptcogs.supabase.co/storage/v1/object/public/activity_images/acrylic_painting.jpg', 4.6, 80, 'Beginner', '["Explore acrylic colors", "Creative freedom", "All materials included"]'::jsonb, '["Introduction to acrylics", "Painting practice", "Final artwork"]'::jsonb, '["Dry artwork", "Photo taking", "Take home your piece"]'::jsonb),
  ('clay-sculpting', 'Clay Sculpting', 'Sculpting', 'Create your own clay masterpiece.', 50, '2.5 hours', 'https://blgtzrznellrbuptcogs.supabase.co/storage/v1/object/public/activity_images/clay_sculpting.jpg', 4.9, 60, 'All Levels', '["Hands-on clay sculpting", "Instructor guidance", "Create your own sculpture"]'::jsonb, '["Clay introduction", "Shaping techniques", "Final sculpting"]'::jsonb, '["Drying process", "Optional glazing", "Collection later"]'::jsonb),
  ('watercolor-workshop', 'Watercolor Workshop', 'Painting', 'Relax with soft watercolor techniques.', 35, '1.5 hours', 'https://blgtzrznellrbuptcogs.supabase.co/storage/v1/object/public/activity_images/watercolor.jpg', 4.5, 70, 'Beginner', '["Relaxing painting session", "Watercolor basics", "Guided artwork creation"]'::jsonb, '["Brush techniques", "Color blending", "Final piece"]'::jsonb, '["Dry artwork", "Take home painting", "Share with friends"]'::jsonb)
ON CONFLICT (id) DO UPDATE
SET
  name = EXCLUDED.name,
  category = EXCLUDED.category,
  description = EXCLUDED.description,
  price = EXCLUDED.price,
  duration = EXCLUDED.duration,
  image = EXCLUDED.image,
  rating = EXCLUDED.rating,
  reviews = EXCLUDED.reviews,
  level = EXCLUDED.level,
  what_to_expect = EXCLUDED.what_to_expect,
  session_flow = EXCLUDED.session_flow,
  after_session = EXCLUDED.after_session;

INSERT INTO bookings (id, activity_id, user_name, created_at, user_email, activity_name, start_time, end_time, food_orders, total_amount, status, payment, additional_notes)
OVERRIDING SYSTEM VALUE
VALUES
  (1, 'art-jamming', 'demo', '2026-03-26 16:51:51.811289', NULL, NULL, NULL, NULL, NULL, NULL, 'confirmed', NULL, NULL),
  (2, 'art-jamming', 'test', '2026-03-26 16:53:44.914159', 'test@example.com', 'Art Jamming', '2026-03-23 05:00:00+00', '2026-03-23 06:00:00+00', '[{"name":"Strawberry Lemonade","price":5.5,"total":5.5,"status":"pending","comment":"booking:art-jamming:2026-03-23T05:00:00.000Z","order_id":23,"quantity":1,"image_url":"https://blgtzrznellrbuptcogs.supabase.co/storage/v1/object/public/menu-image/strawberry_lemonade.jpg","created_at":"2026-03-26T16:53:43.874126","menu_item_id":11}]'::jsonb, 5.5, 'confirmed', '{"amount":5.5,"status":"paid","success":true,"currency":"USD","description":"Booking for Art Jamming","payment_method":"card","transaction_id":"TXN-550-card"}'::jsonb, ''),
  (3, 'acrylic-painting', 'test', '2026-03-26 16:55:01.69847', 'nicholasang.sg@gmail.com', 'Acrylic Painting', '2026-03-24 08:00:00+00', '2026-03-24 09:00:00+00', '[{"name":"Mango Smoothie","price":6,"total":6,"status":"pending","comment":"booking:acrylic-painting:2026-03-24T08:00:00.000Z","order_id":24,"quantity":1,"image_url":"https://blgtzrznellrbuptcogs.supabase.co/storage/v1/object/public/menu-image/mango_smoothie.jpg","created_at":"2026-03-26T16:55:00.717218","menu_item_id":10}]'::jsonb, 6, 'confirmed', '{"amount":6,"status":"paid","success":true,"currency":"USD","description":"Booking for Acrylic Painting","payment_method":"card","transaction_id":"TXN-600-card"}'::jsonb, ''),
  (4, 'art-jamming', 'demo', '2026-03-26 17:01:28.364996', 'nicholasang.sg@gmail.com', 'Art Jamming', '2026-03-27 18:00:00+00', '2026-03-27 19:00:00+00', '[{"name":"Truffle Pasta","price":18,"total":18,"status":"pending","comment":"booking:art-jamming:2026-03-27T18:00:00Z","order_id":25,"quantity":1,"image_url":"https://blgtzrznellrbuptcogs.supabase.co/storage/v1/object/public/menu-image/truffle_pasta.jpg","created_at":"2026-03-26T17:01:27.209004","menu_item_id":3}]'::jsonb, 18, 'confirmed', '{"amount":18,"status":"paid","success":true,"currency":"USD","description":"Booking for Art Jamming","payment_method":"card","transaction_id":"TXN-1800-card"}'::jsonb, ''),
  (5, 'art-jamming', 'test', '2026-03-26 17:07:53.718413', 'test@example.com', 'Art Jamming', '2026-03-24 03:00:00+00', '2026-03-24 04:00:00+00', '[{"name":"Beef Lasagne","price":16,"total":16,"status":"pending","comment":"booking:art-jamming:2026-03-24T03:00:00.000Z","order_id":26,"quantity":1,"image_url":"https://blgtzrznellrbuptcogs.supabase.co/storage/v1/object/public/menu-image/beef_lasagne.jpg","created_at":"2026-03-26T17:07:52.688812","menu_item_id":2}]'::jsonb, 16, 'confirmed', '{"amount":16,"status":"paid","success":true,"currency":"USD","description":"Booking for Art Jamming","payment_method":"card","transaction_id":"TXN-1600-card"}'::jsonb, ''),
  (6, 'watercolor-workshop', 'alice', '2026-03-26 17:12:57.008121', 'alice@example.com', 'Watercolor Workshop', '2026-03-23 03:00:00+00', '2026-03-23 04:00:00+00', '[{"name":"Beef Lasagne","price":16,"total":16,"status":"pending","comment":"booking:watercolor-workshop:2026-03-23T03:00:00.000Z","order_id":27,"quantity":1,"image_url":"https://blgtzrznellrbuptcogs.supabase.co/storage/v1/object/public/menu-image/beef_lasagne.jpg","created_at":"2026-03-26T17:12:55.958973","menu_item_id":2}]'::jsonb, 16, 'confirmed', '{"amount":16,"status":"paid","success":true,"currency":"USD","description":"Booking for Watercolor Workshop","payment_method":"card","transaction_id":"TXN-1600-card"}'::jsonb, ''),
  (7, 'oil-painting', 'test', '2026-03-30 05:28:36.599978', 'nicholasang.sg@gmail.com', 'Oil Painting', '2026-03-31 05:00:00+00', '2026-03-31 06:00:00+00', '[{"name":"Beef Lasagne","price":16,"total":16,"status":"pending","comment":"booking:oil-painting:2026-03-31T05:00:00.000Z","order_id":28,"quantity":1,"image_url":"https://blgtzrznellrbuptcogs.supabase.co/storage/v1/object/public/menu-image/beef_lasagne.jpg","created_at":"2026-03-30T05:28:36.063621","menu_item_id":2}]'::jsonb, 16, 'confirmed', '{"amount":16,"status":"paid","success":true,"currency":"USD","description":"Booking for Oil Painting","payment_method":"card","transaction_id":"TXN-1600-card"}'::jsonb, ''),
  (8, 'oil-painting', 'test', '2026-03-30 05:28:45.592957', 'nicholasang.sg@gmail.com', 'Oil Painting', '2026-03-31 05:00:00+00', '2026-03-31 06:00:00+00', '[{"name":"Beef Lasagne","price":16,"total":32,"status":"pending","comment":"booking:oil-painting:2026-03-31T05:00:00.000Z","order_id":28,"quantity":2,"image_url":"https://blgtzrznellrbuptcogs.supabase.co/storage/v1/object/public/menu-image/beef_lasagne.jpg","created_at":"2026-03-30T05:28:36.063621","menu_item_id":2}]'::jsonb, 16, 'confirmed', '{"amount":16,"status":"paid","success":true,"currency":"USD","description":"Booking for Oil Painting","payment_method":"card","transaction_id":"TXN-1600-card"}'::jsonb, ''),
  (9, 'oil-painting', 'test', '2026-03-30 05:59:04.200932', 'test@example.com', 'Oil Painting', '2026-03-30 00:00:00+00', '2026-03-30 01:00:00+00', '[{"name":"Tiramisu","price":7,"total":7,"status":"pending","comment":"booking:oil-painting:2026-03-30T00:00:00.000Z","order_id":29,"quantity":1,"image_url":"https://blgtzrznellrbuptcogs.supabase.co/storage/v1/object/public/menu-image/tiramisu.jpg","created_at":"2026-03-30T05:59:03.789838","menu_item_id":6}]'::jsonb, 7, 'confirmed', '{"amount":7,"status":"paid","success":true,"currency":"USD","description":"Booking for Oil Painting","payment_method":"card","transaction_id":"TXN-700-card"}'::jsonb, ''),
  (10, 'art-jamming', 'alice', '2026-03-31 07:03:42.347118', 'vignesh.s.2024@computing.smu.edu.sg', 'Art Jamming', '2026-03-30 00:00:00+00', '2026-03-30 01:00:00+00', '[{"name":"Beef Lasagne","price":16,"total":16,"status":"pending","comment":"booking:art-jamming:2026-03-30T00:00:00.000Z","order_id":32,"quantity":1,"image_url":"https://blgtzrznellrbuptcogs.supabase.co/storage/v1/object/public/menu-image/beef_lasagne.jpg","created_at":"2026-03-31T07:03:41.372802","menu_item_id":2}]'::jsonb, 16, 'confirmed', '{"amount":16,"status":"paid","success":true,"currency":"USD","description":"Booking for Art Jamming","payment_method":"card","transaction_id":"TXN-1600-card"}'::jsonb, ''),
  (11, 'watercolor-workshop', 'alice', '2026-03-31 19:01:54.584512', 'alice@example.com', 'Watercolor Workshop', '2026-03-30 00:00:00+00', '2026-03-30 01:00:00+00', '[{"name":"Beef Lasagne","price":16,"total":16,"status":"pending","comment":"booking:watercolor-workshop:2026-03-30T00:00:00.000Z","order_id":33,"quantity":1,"image_url":"https://blgtzrznellrbuptcogs.supabase.co/storage/v1/object/public/menu-image/beef_lasagne.jpg","created_at":"2026-03-31T19:01:53.131475","menu_item_id":2},{"name":"Mango Smoothie","price":6,"total":12,"status":"pending","comment":"booking:watercolor-workshop:2026-03-30T00:00:00.000Z","order_id":34,"quantity":2,"image_url":"https://blgtzrznellrbuptcogs.supabase.co/storage/v1/object/public/menu-image/mango_smoothie.jpg","created_at":"2026-03-31T19:01:53.457995","menu_item_id":10}]'::jsonb, 28, 'confirmed', '{"amount":28,"status":"paid","success":true,"currency":"USD","description":"Booking for Watercolor Workshop","payment_method":"card","transaction_id":"TXN-2800-card"}'::jsonb, ''),
  (12, 'watercolor-workshop', 'alice', '2026-03-31 19:07:30.027821', 'alice@example.com', 'Watercolor Workshop', '2026-03-30 00:00:00+00', '2026-03-30 01:00:00+00', '[{"name":"Mango Smoothie","price":6,"total":18,"status":"pending","comment":"booking:watercolor-workshop:2026-03-30T00:00:00.000Z","order_id":34,"quantity":3,"image_url":"https://blgtzrznellrbuptcogs.supabase.co/storage/v1/object/public/menu-image/mango_smoothie.jpg","created_at":"2026-03-31T19:01:53.457995","menu_item_id":10}]'::jsonb, 6, 'confirmed', '{"amount":6,"status":"paid","success":true,"currency":"USD","description":"Booking for Watercolor Workshop","payment_method":"card","transaction_id":"TXN-600-card"}'::jsonb, ''),
  (13, 'art-jamming', 'alice', '2026-03-31 19:22:25.811535', 'nicholasang.2024@computing.smu.edu.sg', 'Art Jamming', '2026-04-01 00:00:00+00', '2026-04-01 01:00:00+00', '[{"name":"Strawberry Lemonade","price":5.5,"total":33,"status":"pending","comment":"booking:art-jamming:2026-04-01T00:00:00.000Z","order_id":35,"quantity":6,"image_url":"https://blgtzrznellrbuptcogs.supabase.co/storage/v1/object/public/menu-image/strawberry_lemonade.jpg","created_at":"2026-03-31T19:22:24.808377","menu_item_id":11}]'::jsonb, 33, 'confirmed', '{"amount":33,"status":"paid","success":true,"currency":"USD","description":"Booking for Art Jamming","payment_method":"card","transaction_id":"TXN-3300-card"}'::jsonb, ''),
  (14, 'art-jamming', 'alice', '2026-03-31 19:31:40.866921', 'nicholasang.2024@computing.smu.edu.sg', 'Art Jamming', '2026-04-01 00:00:00+00', '2026-04-01 01:00:00+00', '[{"name":"Strawberry Lemonade","price":5.5,"total":66,"status":"pending","comment":"booking:art-jamming:2026-04-01T00:00:00.000Z","order_id":35,"quantity":12,"image_url":"https://blgtzrznellrbuptcogs.supabase.co/storage/v1/object/public/menu-image/strawberry_lemonade.jpg","created_at":"2026-03-31T19:22:24.808377","menu_item_id":11}]'::jsonb, 33, 'confirmed', '{"amount":33,"status":"paid","success":true,"currency":"USD","description":"Booking for Art Jamming","payment_method":"card","transaction_id":"TXN-3300-card"}'::jsonb, ''),
  (15, 'art-jamming', 'alice', '2026-03-31 19:41:39.582993', 'nicholasang.2024@computing.smu.edu.sg', 'Art Jamming', '2026-04-01 00:00:00+00', '2026-04-01 01:00:00+00', '[{"name":"Beef Lasagne","price":16,"total":32,"status":"pending","comment":"booking:art-jamming:2026-04-01T00:00:00.000Z","order_id":36,"quantity":2,"image_url":"https://blgtzrznellrbuptcogs.supabase.co/storage/v1/object/public/menu-image/beef_lasagne.jpg","created_at":"2026-03-31T19:41:38.543134","menu_item_id":2}]'::jsonb, 32, 'confirmed', '{"amount":32,"status":"paid","success":true,"currency":"USD","description":"Booking for Art Jamming","payment_method":"card","transaction_id":"TXN-3200-card"}'::jsonb, ''),
  (16, 'art-jamming', 'alice', '2026-03-31 20:01:18.620223', 'nicholasang.2024@computing.edu.smu.sg', 'Art Jamming', '2026-04-01 00:00:00+00', '2026-04-01 01:00:00+00', '[{"name":"Avocado Toast","price":12,"total":12,"status":"pending","comment":"booking:art-jamming:2026-04-01T00:00:00.000Z","order_id":37,"quantity":1,"image_url":"https://blgtzrznellrbuptcogs.supabase.co/storage/v1/object/public/menu-image/avocado_toast.jpg","created_at":"2026-03-31T20:01:17.703394","menu_item_id":1},{"name":"Strawberry Lemonade","price":5.5,"total":71.5,"status":"pending","comment":"booking:art-jamming:2026-04-01T00:00:00.000Z","order_id":35,"quantity":13,"image_url":"https://blgtzrznellrbuptcogs.supabase.co/storage/v1/object/public/menu-image/strawberry_lemonade.jpg","created_at":"2026-03-31T19:22:24.808377","menu_item_id":11}]'::jsonb, 17.5, 'confirmed', '{"amount":17.5,"status":"paid","success":true,"currency":"USD","description":"Booking for Art Jamming","payment_method":"card","transaction_id":"TXN-1750-card"}'::jsonb, ''),
  (17, 'art-jamming', 'alice', '2026-03-31 20:10:06.058639', 'nicholasang.2024@computing.smu.edu.sg', 'Art Jamming', '2026-04-01 00:00:00+00', '2026-04-01 01:00:00+00', '[{"name":"Beef Lasagne","price":16,"total":48,"status":"pending","comment":"booking:art-jamming:2026-04-01T00:00:00.000Z","order_id":36,"quantity":3,"image_url":"https://blgtzrznellrbuptcogs.supabase.co/storage/v1/object/public/menu-image/beef_lasagne.jpg","created_at":"2026-03-31T19:41:38.543134","menu_item_id":2},{"name":"Chocolate Lava Cake","price":8,"total":8,"status":"pending","comment":"booking:art-jamming:2026-04-01T00:00:00.000Z","order_id":38,"quantity":1,"image_url":"https://blgtzrznellrbuptcogs.supabase.co/storage/v1/object/public/menu-image/chocolate_lava%20_cake.jpg","created_at":"2026-03-31T20:10:05.426274","menu_item_id":5}]'::jsonb, 24, 'confirmed', '{"amount":24,"status":"paid","success":true,"currency":"USD","description":"Booking for Art Jamming","payment_method":"card","transaction_id":"TXN-2400-card"}'::jsonb, ''),
  (18, 'art-jamming', 'copilot-test', '2026-04-04 09:26:29.938424', 'copilot-test@example.com', 'Art Jamming', '2026-04-10 10:00:00+00', '2026-04-10 11:00:00+00', '[{"name":"Avocado Toast","price":12,"total":12,"status":"pending","comment":"booking:art-jamming:2026-04-10T10:00:00.000Z","order_id":45,"quantity":1,"image_url":"https://blgtzrznellrbuptcogs.supabase.co/storage/v1/object/public/menu-image/avocado_toast.jpg","created_at":"2026-04-04T09:26:26.424978","menu_item_id":1}]'::jsonb, 12, 'confirmed', '{"Status":"succeeded","Success":true,"FinalAmount":1200,"PaymentIntentId":"pi_3TIQTIGoxNrGAzPA1hEhYNBN"}'::jsonb, ''),
  (19, 'art-jamming', 'copilot-test', '2026-04-04 09:38:57.852323', 'copilot-test@example.com', 'Art Jamming', '2026-04-12 10:00:00+00', '2026-04-12 11:00:00+00', '[{"name":"Avocado Toast","price":12,"total":12,"status":"pending","comment":"booking:art-jamming:2026-04-12T10:00:00.000Z","order_id":49,"quantity":1,"image_url":"https://blgtzrznellrbuptcogs.supabase.co/storage/v1/object/public/menu-image/avocado_toast.jpg","created_at":"2026-04-04T09:38:55.351388","menu_item_id":1}]'::jsonb, 12, 'confirmed', '{"Status":"succeeded","Success":true,"FinalAmount":1200,"PaymentIntentId":"pi_3TIQfMGoxNrGAzPA1toYMzfo"}'::jsonb, ''),
  (20, 'art-jamming', 'test', '2026-04-04 09:40:38.07588', 'nicholasang.2024@computing.smu.edu.sg', 'Art Jamming', '2026-03-30 00:00:00+00', '2026-03-30 01:00:00+00', '[{"name":"Avocado Toast","price":12,"total":24,"status":"pending","comment":"booking:art-jamming:2026-03-30T00:00:00.000Z","order_id":47,"quantity":2,"image_url":"https://blgtzrznellrbuptcogs.supabase.co/storage/v1/object/public/menu-image/avocado_toast.jpg","created_at":"2026-04-04T09:36:02.368541","menu_item_id":1}]'::jsonb, 12, 'confirmed', '{"Status":"succeeded","Success":true,"FinalAmount":1200,"PaymentIntentId":"pi_3TIQgyGoxNrGAzPA1JZsovR2"}'::jsonb, ''),
  (21, 'art-jamming', 'test', '2026-04-04 09:41:41.451546', 'nicholasang.2024@computing.smu.edu.sg', 'Art Jamming', '2026-03-30 00:00:00+00', '2026-03-30 01:00:00+00', '[{"name":"Beef Lasagne","price":16,"total":16,"status":"pending","comment":"booking:art-jamming:2026-03-30T00:00:00.000Z","order_id":50,"quantity":1,"image_url":"https://blgtzrznellrbuptcogs.supabase.co/storage/v1/object/public/menu-image/beef_lasagne.jpg","created_at":"2026-04-04T09:41:38.851295","menu_item_id":2},{"name":"Truffle Pasta","price":18,"total":18,"status":"pending","comment":"booking:art-jamming:2026-03-30T00:00:00.000Z","order_id":51,"quantity":1,"image_url":"https://blgtzrznellrbuptcogs.supabase.co/storage/v1/object/public/menu-image/truffle_pasta.jpg","created_at":"2026-04-04T09:41:39.153723","menu_item_id":3}]'::jsonb, 34, 'confirmed', '{"Status":"succeeded","Success":true,"FinalAmount":3400,"PaymentIntentId":"pi_3TIQi0GoxNrGAzPA0A859g8x"}'::jsonb, '')
ON CONFLICT (id) DO UPDATE
SET
  activity_id = EXCLUDED.activity_id,
  user_name = EXCLUDED.user_name,
  created_at = EXCLUDED.created_at,
  user_email = EXCLUDED.user_email,
  activity_name = EXCLUDED.activity_name,
  start_time = EXCLUDED.start_time,
  end_time = EXCLUDED.end_time,
  food_orders = EXCLUDED.food_orders,
  total_amount = EXCLUDED.total_amount,
  status = EXCLUDED.status,
  payment = EXCLUDED.payment,
  additional_notes = EXCLUDED.additional_notes;

INSERT INTO saved_activities (id, user_name, activity_id, created_at)
OVERRIDING SYSTEM VALUE
VALUES
  (20, 'demo', 'art-jamming', '2026-03-26 16:50:19.854075'),
  (32, 'demo_user', 'oil-painting', '2026-04-04 08:00:53.536751'),
  (33, 'demo_user', 'watercolor-workshop', '2026-04-04 09:21:28.909792')
ON CONFLICT (id) DO UPDATE
SET
  user_name = EXCLUDED.user_name,
  activity_id = EXCLUDED.activity_id,
  created_at = EXCLUDED.created_at;

SELECT setval(
  pg_get_serial_sequence('bookings', 'id'),
  COALESCE((SELECT MAX(id) FROM bookings), 1),
  true
);

SELECT setval(
  pg_get_serial_sequence('saved_activities', 'id'),
  COALESCE((SELECT MAX(id) FROM saved_activities), 1),
  true
);
